MATERIAL,UNIDADE,QTD_POR_ESTAI
"parafuso cabeça quadrada m16 x tamanho adequado",Pç,1
"porca quadrada, em aço galvanizado, m16",Pç,2
"arruela quadrada 100x100x5mm para parafuso m16 galvanizada a fogo",Pç,2
"sapatilha galvanizado a fogo",Pç,2
"alça preformadapara cordoalha 3/8' (cabo de estai)",Pç,2
"chapa para fixação do estai no poste",Pç,1
"cordoalha de aço cas 3/8' (m)",Pç,24
"haste-âncora 16-2400mm com 2xporca + arruela quadrada (100x100x6mm e furo 18mm)",Pç,1
"bloco de concreto para estai 500x500x150mm",Pç,1
"sinalização de estai  - sinalizador de estai helicoidal com abraçadeira plástica ou de aço inox",Pç,1
