TIPO,NIVEL,DIRECAO,QTD_ALCAS,QTD_LACOS
N1,1,RE,0,3
N1,1,VANTE,0,0
N3.TR-CH,1,RE,0,0
N3.TR-CH,1,VANTE,3,0
N4,1,RE,3,3
N4,1,VANTE,3,0
N4.TR-CH,1,RE,3,3
N4.TR-CH,1,VANTE,3,0
N4/N3-3,1,RE,3,3
N4/N3-3,1,VANTE,3,0
N4/N3-3,2,RE,3,2
N4/N3-3,2,VANTE,3,0
TE,1,RE,3,2
TE,1,VANTE,3,0
TE.TR-CH,1,RE,3,3
TE.TR-CH,1,VANTE,3,0
2N1,1,RE,0,3
2N1,1,VANTE,0,0
2N1,2,RE,0,3
2N1,2,VANTE,0,0
2N3-3,1,RE,3,2
2N3-3,1,VANTE,3,0
2N3-3,2,RE,3,2
2N3-3,2,VANTE,3,0
2N4,1,RE,3,3
2N4,1,VANTE,3,0
2N4,2,RE,3,3
2N4,2,VANTE,3,0
2N4.TR-CH,1,RE,3,3
2N4.TR-CH,1,VANTE,3,0
2N4.TR-CH,2,RE,3,3
2N4.TR-CH,2,VANTE,3,0
N4.N3.TR-CH,1,RE,3,3
N4.N3.TR-CH,1,VANTE,3,0
N4.N3.TR-CH,2,RE,0,0
N4.N3.TR-CH,2,VANTE,3,0
N4/N4.N3,1,RE,3,3
N4/N4.N3,1,VANTE,3,0
N4/N4.N3,2,RE,6,4
N4/N4.N3,2,VANTE,3,0
N3-3,1,RE,3,2
N3-3,1,VANTE,3,0
2TE,1,RE,3,2
2TE,1,VANTE,3,0
2TE,2,RE,3,2
2TE,2,VANTE,3,0
N3-3/N4.N3,1,RE,3,2
N3-3/N4.N3,1,VANTE,3,0
N3-3/N4.N3,2,RE,6,4
N3-3/N4.N3,2,VANTE,3,0
2TE.TR-CH,1,RE,3,3
2TE.TR-CH,1,VANTE,3,0
2TE.TR-CH,2,RE,3,3
2TE.TR-CH,2,VANTE,3,0
N3-3.B,1,RE,6,4
N3-3.B,1,VANTE,3,0
